model,dataset,budget,variant,samples,score_mean,score_ci95_low,score_ci95_high,difference_vs_full,difference_ci95_low,difference_ci95_high,p_value,p_holm,latency_mean_s,routing_mean_s,visual_tokens_mean
llava15-7b,pope,64,full,200,0.795,0.735,0.85,0.0,0.0,0.0,1.0,1.0,0.24382488199998079,0.030173573000033684,64.0
llava15-7b,pope,64,no_diversity_expert,200,0.81,0.755,0.865,0.015,-0.03,0.06,0.6518348165183482,1.0,0.2424695389999988,0.030747790500004157,64.0
llava15-7b,pope,64,no_intent_routing,200,0.805,0.75,0.86,0.01,-0.035,0.055,0.8276172382761724,1.0,0.2403763489999983,0.03212165850001383,64.0
llava15-7b,pope,64,no_modality_calibration,200,0.795,0.735,0.85,0.0,0.0,0.0,1.0,1.0,0.24152374600000256,0.031149003500004255,64.0
llava15-7b,pope,64,no_projected_geometry,200,0.795,0.735,0.85,0.0,0.0,0.0,1.0,1.0,0.24284664650002924,0.02948046650004926,64.0
llava15-7b,pope,64,no_residual_space,200,0.795,0.735,0.85,0.0,0.0,0.0,1.0,1.0,0.23686899150010504,0.02628356999996413,64.0
llava15-7b,pope,64,no_semantics,200,0.795,0.735,0.85,0.0,0.0,0.0,1.0,1.0,0.2351134280000406,0.026573908000082157,64.0
llava15-7b,pope,64,no_vision_space,200,0.795,0.735,0.85,0.0,0.0,0.0,1.0,1.0,0.23818095149996224,0.02761528149996593,64.0
llava15-7b,pope,128,full,200,0.83,0.775,0.88,0.0,0.0,0.0,1.0,1.0,0.26120973249996043,0.026620000000020808,128.0
llava15-7b,pope,128,no_diversity_expert,200,0.83,0.775,0.88,0.0,0.0,0.0,1.0,1.0,0.2520445684998867,0.027052931500011253,128.0
llava15-7b,pope,128,no_intent_routing,200,0.83,0.775,0.88,0.0,0.0,0.0,1.0,1.0,0.24356964899997366,0.026988326999999118,128.0
llava15-7b,pope,128,no_modality_calibration,200,0.83,0.775,0.88,0.0,0.0,0.0,1.0,1.0,0.25103715750001354,0.02707968550001169,128.0
llava15-7b,pope,128,no_projected_geometry,200,0.82,0.765,0.87,-0.01,-0.045,0.025,0.7681231876812319,1.0,0.2465519659999518,0.027254086000011737,128.0
llava15-7b,pope,128,no_residual_space,200,0.83,0.775,0.88,0.0,0.0,0.0,1.0,1.0,0.25272711799991154,0.026724484499973188,128.0
llava15-7b,pope,128,no_semantics,200,0.83,0.775,0.88,0.0,0.0,0.0,1.0,1.0,0.25773168549998443,0.026662252999940392,128.0
llava15-7b,pope,128,no_vision_space,200,0.83,0.775,0.88,0.0,0.0,0.0,1.0,1.0,0.24992601600001763,0.027447244500017405,128.0
llava15-7b,textvqa,64,full,200,0.467,0.401,0.536,0.0,0.0,0.0,1.0,1.0,0.33429475499997807,0.029944992000027922,64.0
llava15-7b,textvqa,64,no_diversity_expert,200,0.467,0.401,0.536,0.0,0.0,0.0,1.0,1.0,0.34142319050007247,0.03167800800003533,64.0
llava15-7b,textvqa,64,no_intent_routing,200,0.4925,0.4255,0.56,0.0255,0.006,0.048999999999999995,0.0282971702829717,0.1980801919808019,0.3537859404999836,0.03372707900007299,64.0
llava15-7b,textvqa,64,no_modality_calibration,200,0.4575,0.3915,0.5255,-0.0095,-0.024,0.0,0.49845015498450157,1.0,0.3513013384999977,0.03228144800004884,64.0
llava15-7b,textvqa,64,no_projected_geometry,200,0.4485,0.3825,0.5165,-0.0185,-0.043,0.002500000000000002,0.0932906709329067,0.4664533546645335,0.3495088464999662,0.03288967599994976,64.0
llava15-7b,textvqa,64,no_residual_space,200,0.467,0.401,0.536,0.0,0.0,0.0,1.0,1.0,0.34334435349996967,0.031204158000045935,64.0
llava15-7b,textvqa,64,no_semantics,200,0.4575,0.3915,0.5255,-0.0095,-0.024,0.0,0.49845015498450157,1.0,0.34738945400001287,0.02993310099996961,64.0
llava15-7b,textvqa,64,no_vision_space,200,0.4925,0.4255,0.56,0.0255,0.006,0.048999999999999995,0.0282971702829717,0.1980801919808019,0.35113136300004044,0.03223460500001238,64.0
llava15-7b,textvqa,128,full,200,0.494,0.427,0.562,0.0,0.0,0.0,1.0,1.0,0.35975770249996913,0.026529561000015748,128.0
llava15-7b,textvqa,128,no_diversity_expert,200,0.494,0.427,0.562,0.0,0.0,0.0,1.0,1.0,0.36158626200009164,0.027720976500040705,128.0
llava15-7b,textvqa,128,no_intent_routing,200,0.5055,0.4375,0.573,0.0115,-0.003,0.030499999999999996,0.24737526247375263,1.0,0.3645225520001077,0.027642683499980194,128.0
llava15-7b,textvqa,128,no_modality_calibration,200,0.494,0.427,0.562,0.0,0.0,0.0,1.0,1.0,0.31493574000006447,0.022887928499985718,128.0
llava15-7b,textvqa,128,no_projected_geometry,200,0.492,0.425,0.5595,-0.002,-0.02,0.016,1.0,1.0,0.3647924355000396,0.02819030249997013,128.0
llava15-7b,textvqa,128,no_residual_space,200,0.494,0.427,0.562,0.0,0.0,0.0,1.0,1.0,0.3686206124999717,0.027380632500062348,128.0
llava15-7b,textvqa,128,no_semantics,200,0.494,0.427,0.562,0.0,0.0,0.0,1.0,1.0,0.24488093650002157,0.01765028500007247,128.0
llava15-7b,textvqa,128,no_vision_space,200,0.5055,0.4375,0.573,0.0115,-0.003,0.030499999999999996,0.24737526247375263,1.0,0.3482110599999487,0.027038733499994125,128.0
llava15-7b,scienceqa,64,full,200,0.6,0.53,0.665,0.0,0.0,0.0,1.0,1.0,0.2552783249999493,0.03455980349999208,64.0
llava15-7b,scienceqa,64,no_diversity_expert,200,0.6,0.53,0.665,0.0,0.0,0.0,1.0,1.0,0.29488331799999284,0.03877609049999592,64.0
llava15-7b,scienceqa,64,no_intent_routing,200,0.59,0.52,0.655,-0.01,-0.04,0.015,0.7284271572842715,1.0,0.2985404279999966,0.046458216499941044,64.0
llava15-7b,scienceqa,64,no_modality_calibration,200,0.6,0.53,0.665,0.0,0.0,0.0,1.0,1.0,0.16295146700003899,0.02155998749997707,64.0
llava15-7b,scienceqa,64,no_projected_geometry,200,0.6,0.53,0.665,0.0,0.0,0.0,1.0,1.0,0.2896924244999991,0.03815782350000518,64.0
llava15-7b,scienceqa,64,no_residual_space,200,0.595,0.525,0.66,-0.005,-0.03,0.02,1.0,1.0,0.2828928105000796,0.036859248000073425,64.0
llava15-7b,scienceqa,64,no_semantics,200,0.6,0.53,0.665,0.0,0.0,0.0,1.0,1.0,0.28503189699993525,0.035391822999918075,64.0
llava15-7b,scienceqa,64,no_vision_space,200,0.6,0.53,0.665,0.0,0.0,0.0,1.0,1.0,0.2942763509999804,0.03873268049994295,64.0
llava15-7b,scienceqa,128,full,200,0.605,0.535,0.67,0.0,0.0,0.0,1.0,1.0,0.2556629889999249,0.030695587499994872,128.0
llava15-7b,scienceqa,128,no_diversity_expert,200,0.605,0.535,0.67,0.0,0.0,0.0,1.0,1.0,0.1263792089999606,0.011461522500067076,128.0
llava15-7b,scienceqa,128,no_intent_routing,200,0.605,0.535,0.67,0.0,0.0,0.0,1.0,1.0,0.12816308350005784,0.011331251499941573,128.0
llava15-7b,scienceqa,128,no_modality_calibration,200,0.605,0.535,0.67,0.0,0.0,0.0,1.0,1.0,0.12571419149995564,0.011032783000118798,128.0
llava15-7b,scienceqa,128,no_projected_geometry,200,0.595,0.53,0.66,-0.01,-0.025,0.0,0.48795120487951205,1.0,0.1269585809999535,0.011637575999975525,128.0
llava15-7b,scienceqa,128,no_residual_space,200,0.605,0.535,0.67,0.0,0.0,0.0,1.0,1.0,0.13052809749996414,0.01176387850006904,128.0
llava15-7b,scienceqa,128,no_semantics,200,0.605,0.535,0.67,0.0,0.0,0.0,1.0,1.0,0.12685469700002613,0.011178361000002041,128.0
llava15-7b,scienceqa,128,no_vision_space,200,0.605,0.535,0.67,0.0,0.0,0.0,1.0,1.0,0.135579498999914,0.01336436550005601,128.0
llava15-7b,gqa,64,full,200,0.64,0.57,0.705,0.0,0.0,0.0,1.0,1.0,0.25689388099998267,0.03129325849999532,64.0
llava15-7b,gqa,64,no_diversity_expert,200,0.65,0.58,0.715,0.01,-0.025,0.045,0.787021297870213,1.0,0.14269295549999697,0.01652553000003536,64.0
llava15-7b,gqa,64,no_intent_routing,200,0.655,0.585,0.72,0.015,-0.02,0.05,0.5742425757424258,1.0,0.12144947399998272,0.01215787400001318,64.0
llava15-7b,gqa,64,no_modality_calibration,200,0.63,0.56,0.695,-0.01,-0.025,0.0,0.49475052494750527,1.0,0.12824082300006012,0.012779853500051104,64.0
llava15-7b,gqa,64,no_projected_geometry,200,0.635,0.565,0.7,-0.005,-0.035,0.025,1.0,1.0,0.13131045800005267,0.013386266999959843,64.0
llava15-7b,gqa,64,no_residual_space,200,0.64,0.57,0.705,0.0,0.0,0.0,1.0,1.0,0.14693544349999685,0.01274756450008681,64.0
llava15-7b,gqa,64,no_semantics,200,0.63,0.56,0.695,-0.01,-0.025,0.0,0.49475052494750527,1.0,0.13016759550000642,0.012131864999946628,64.0
llava15-7b,gqa,64,no_vision_space,200,0.64,0.57,0.705,0.0,0.0,0.0,1.0,1.0,0.1311207629999717,0.012214775499969618,64.0
llava15-7b,gqa,128,full,200,0.7,0.635,0.765,0.0,0.0,0.0,1.0,1.0,0.2683049310000524,0.027861118999981047,128.0
llava15-7b,gqa,128,no_diversity_expert,200,0.7,0.635,0.765,0.0,0.0,0.0,1.0,1.0,0.13381233250008337,0.01062969200003863,128.0
llava15-7b,gqa,128,no_intent_routing,200,0.695,0.63,0.76,-0.005,-0.015,0.0,1.0,1.0,0.1340083849999701,0.010635131500057468,128.0
llava15-7b,gqa,128,no_modality_calibration,200,0.7,0.635,0.765,0.0,0.0,0.0,1.0,1.0,0.13137719749993265,0.00999157499998546,128.0
llava15-7b,gqa,128,no_projected_geometry,200,0.69,0.625,0.755,-0.01,-0.05,0.03,0.8022197780221978,1.0,0.13895039150002048,0.0121180490000188,128.0
llava15-7b,gqa,128,no_residual_space,200,0.7,0.635,0.765,0.0,0.0,0.0,1.0,1.0,0.14245173100010106,0.011569715500017992,128.0
llava15-7b,gqa,128,no_semantics,200,0.7,0.635,0.765,0.0,0.0,0.0,1.0,1.0,0.1320505389999562,0.009964569499989012,128.0
llava15-7b,gqa,128,no_vision_space,200,0.695,0.63,0.76,-0.005,-0.015,0.0,1.0,1.0,0.13253687250003168,0.0106344244999309,128.0
